algo_algorithm.js	1672
algo_wasm_PriorityQueue.js	4625
algo_wasm_priorityqueue.js	15941
class_RoomArray.js	1792
helper_cpuUsed.js	2483
helper_error.js	1020
helper_roomResource.js	15634
helper_visual.js	6221
main.js	10586
main_mount.js	2223
manager_autoPlanner.js	17742
manager_creeps.js	3976
manager_crossShard.js	7522
manager_flags.js	1583
manager_missions.js	4449
manager_planner.js	44865
manager_rooms.js	9059
prototype_creep.js	32869
prototype_flag.js	1196
prototype_powerCreep.js	9939
prototype_room.js	2950
prototype_roomPostiton.js	12332
prototype_store.js	1815
station_carry.js	9910
station_defense.js	5915
station_factory.js	14756
station_hive.js	6082
station_lab.js	27768
station_minetral.js	6170
station_observer.js	6591
station_sources.js	33400
station_tower.js	4857
station_upgrade.js	14067
station_work.js	2402
strategy_GCLRoom.js	26549
strategy_atkL2.js	8581
strategy_blockRoom.js	3104
strategy_claim.js	2363
strategy_claimCrossShard.js	7288
strategy_cleanBuild.js	3922
strategy_defenserHighWay.js	5020
strategy_deposits.js	12879
strategy_factoryPowerCreep.js	3094
strategy_highLevel.js	15079
strategy_lowLevel.js	10930
strategy_market.js	32598
strategy_marketPrice.js	22080
strategy_minSizeRoom.js	12058
strategy_outerHarvest.js	2940
strategy_pillage.js	3773
strategy_powerBank.js	18241
strategy_resourceBalance.js	19322
strategy_scouter.js	1500
strategy_tradeCrossShard.js	8145
teamL2.js	14713
team_raL1.js	17362
utils.js	3385
utils_task.js	1586
war_attackRoom.js	11318
war_cache.js	13756
war_damageCal.js	2816
war_defenseCore.js	6410
war_powerCreepOperator.js	11395
war_teamControl.js	1917
war_teamCore.js	43685
war_teamFlag.js	13109
极致建筑缓存 v1.4.3.js	9522
调用栈分析器.js	26666
超级移动优化hotfix 0.9.4.js	63458
闲聊 v1.0.js	93787
